File_accession	File_format	File_type	File_format_type	Output_type	File_assembly	Experiment_accession	Assay	Donor(s)	Biosample_term_id	Biosample_term_name	Biosample_type	Biosample_organism	Biosample_treatments	Biosample_treatments_amount	Biosample_treatments_duration	Biosample_genetic_modifications_methods	Biosample_genetic_modifications_categories	Biosample_genetic_modifications_targets	Biosample_genetic_modifications_gene_targets	Biosample_genetic_modifications_site_coordinates	Biosample_genetic_modifications_zygosity	Experiment_target	Library_made_from	Library_depleted_in	Library_extraction_method	Library_lysis_method	Library_crosslinking_method	Library_strand_specific	Experiment_date_released	Project	RBNS_protein_concentration	Library_fragmentation_method	Library_size_range	Biological_replicate(s)	Technical_replicate(s)	Read_length	Mapped_read_length	Run_type	Paired_end	Paired_with	Index_of	Derived_from	Size	Lab	md5sum	dbxrefs	File_download_URL	Genome_annotation	Platform	Controlled_by	File_Status	s3_uri	File_analysis_title	File_analysis_status	Audit_WARNING	Audit_NOT_COMPLIANT	Audit_ERROR
ENCFF521ITF	fastq	fastq		reads		ENCSR851SBY	ATAC-seq	/human-donors/ENCDO451RUA/	UBERON:0000945	stomach	tissue	Homo_sapiens											DNA						2016-06-15	ENCODE			150-250	1	1_1	100		paired-ended	1	/files/ENCFF346CDZ/			4500653597	Michael_Snyder,_Stanford	64a38bff415be87efc61d2a63dacf8c4	SRA:SRR14305749	https://www.encodeproject.org/files/ENCFF521ITF/@@download/ENCFF521ITF.fastq.gz		Illumina_HiSeq_4000		released	s3://encode-public/2016/04/26/84d16288-9736-4af5-a298-3bdded655fa0/ENCFF521ITF.fastq.gz			moderate_number_of_reproducible_peaks,_mild_to_moderate_bottlenecking,_moderate_library_complexity	low_FRiP_score	
ENCFF346CDZ	fastq	fastq		reads		ENCSR851SBY	ATAC-seq	/human-donors/ENCDO451RUA/	UBERON:0000945	stomach	tissue	Homo_sapiens											DNA						2016-06-15	ENCODE			150-250	1	1_1	100		paired-ended	2	/files/ENCFF521ITF/			4736024950	Michael_Snyder,_Stanford	9b138d252f4515d7c6c96034d435e850	SRA:SRR14305749	https://www.encodeproject.org/files/ENCFF346CDZ/@@download/ENCFF346CDZ.fastq.gz		Illumina_HiSeq_4000		released	s3://encode-public/2016/04/26/6574fe31-5766-40d6-94b0-16f9010884da/ENCFF346CDZ.fastq.gz			moderate_number_of_reproducible_peaks,_mild_to_moderate_bottlenecking,_moderate_library_complexity	low_FRiP_score	
ENCFF675QOY	bam	bam		alignments	GRCh38	ENCSR851SBY	ATAC-seq	/human-donors/ENCDO451RUA/	UBERON:0000945	stomach	tissue	Homo_sapiens											DNA						2016-06-15	ENCODE			150-250	1	1_1		101					/files/ENCFF521ITF/,_/files/ENCFF346CDZ/	5930910427	Anshul_Kundaje,_Stanford	85e4ba19db10cfa0f75dfd66f5ef0c61		https://www.encodeproject.org/files/ENCFF675QOY/@@download/ENCFF675QOY.bam				released	s3://encode-public/2016/12/22/205e2227-e2f8-489f-8ee3-acb6a996f8b6/ENCFF675QOY.bam	Lab_custom_GRCh38	archived	moderate_number_of_reproducible_peaks,_mild_to_moderate_bottlenecking,_moderate_library_complexity	low_FRiP_score	
ENCFF368VLY	bigWig	bigWig		signal_p-value	GRCh38	ENCSR851SBY	ATAC-seq	/human-donors/ENCDO451RUA/	UBERON:0000945	stomach	tissue	Homo_sapiens											DNA						2016-06-15	ENCODE			150-250	1	1_1							/files/ENCFF675QOY/	1174000349	Anshul_Kundaje,_Stanford	ae7151d7a23e1dac715f1edc6ad738d0		https://www.encodeproject.org/files/ENCFF368VLY/@@download/ENCFF368VLY.bigWig				released	s3://encode-public/2016/12/22/a658590c-4964-4f9f-9c62-90d8a00fa6a2/ENCFF368VLY.bigWig	Lab_custom_GRCh38	archived	moderate_number_of_reproducible_peaks,_mild_to_moderate_bottlenecking,_moderate_library_complexity	low_FRiP_score	
ENCFF415RKU	bigWig	bigWig		fold_change_over_control	GRCh38	ENCSR851SBY	ATAC-seq	/human-donors/ENCDO451RUA/	UBERON:0000945	stomach	tissue	Homo_sapiens											DNA						2016-06-15	ENCODE			150-250	1	1_1							/files/ENCFF675QOY/	1385037599	Anshul_Kundaje,_Stanford	4248853c99a6b9e3b77159319300b7de		https://www.encodeproject.org/files/ENCFF415RKU/@@download/ENCFF415RKU.bigWig				released	s3://encode-public/2016/12/22/c7634c18-a080-4b59-911f-582cb74191a6/ENCFF415RKU.bigWig	Lab_custom_GRCh38	archived	moderate_number_of_reproducible_peaks,_mild_to_moderate_bottlenecking,_moderate_library_complexity	low_FRiP_score	
ENCFF281QKD	bam	bam		unfiltered_alignments	GRCh38	ENCSR851SBY	ATAC-seq	/human-donors/ENCDO451RUA/	UBERON:0000945	stomach	tissue	Homo_sapiens											DNA						2016-06-15	ENCODE			150-250	1	1_1		101					/files/ENCFF346CDZ/,_/files/ENCFF110MCL/,_/files/ENCFF521ITF/	13538873235	ENCODE_Processing_Pipeline	8895c38189da3801582c2d83de6c4c0d		https://www.encodeproject.org/files/ENCFF281QKD/@@download/ENCFF281QKD.bam				released	s3://encode-public/2021/02/25/82a9663b-65e8-4c9c-b5db-352a83a31923/ENCFF281QKD.bam	ENCODE4_v1.9.1_GRCh38	released	moderate_number_of_reproducible_peaks,_mild_to_moderate_bottlenecking,_moderate_library_complexity	low_FRiP_score	
ENCFF858TZP	bam	bam		alignments	GRCh38	ENCSR851SBY	ATAC-seq	/human-donors/ENCDO451RUA/	UBERON:0000945	stomach	tissue	Homo_sapiens											DNA						2016-06-15	ENCODE			150-250	1	1_1		101					/files/ENCFF346CDZ/,_/files/ENCFF304XEX/,_/files/ENCFF521ITF/,_/files/ENCFF493CCB/,_/files/ENCFF140XLU/,_/files/ENCFF110MCL/,_/files/ENCFF212UAV/,_/files/ENCFF356LFX/	5993297882	ENCODE_Processing_Pipeline	a9aa1e42082d5d7f74fd99e66be88097		https://www.encodeproject.org/files/ENCFF858TZP/@@download/ENCFF858TZP.bam				released	s3://encode-public/2021/02/25/f656d0fd-8bf4-4730-8ae9-965f988e2414/ENCFF858TZP.bam	ENCODE4_v1.9.1_GRCh38	released	moderate_number_of_reproducible_peaks,_mild_to_moderate_bottlenecking,_moderate_library_complexity	low_FRiP_score	
ENCFF872BRQ	bigWig	bigWig		signal_p-value	GRCh38	ENCSR851SBY	ATAC-seq	/human-donors/ENCDO451RUA/	UBERON:0000945	stomach	tissue	Homo_sapiens											DNA						2016-06-15	ENCODE			150-250	1	1_1							/files/ENCFF858TZP/	1295276136	ENCODE_Processing_Pipeline	87003ce0162d7b99b76449f8847d601a		https://www.encodeproject.org/files/ENCFF872BRQ/@@download/ENCFF872BRQ.bigWig				released	s3://encode-public/2021/02/25/3ec8dda8-3910-46a0-a548-8f2d6cd36182/ENCFF872BRQ.bigWig	ENCODE4_v1.9.1_GRCh38	released	moderate_number_of_reproducible_peaks,_mild_to_moderate_bottlenecking,_moderate_library_complexity	low_FRiP_score	
ENCFF841ZHA	bigWig	bigWig		fold_change_over_control	GRCh38	ENCSR851SBY	ATAC-seq	/human-donors/ENCDO451RUA/	UBERON:0000945	stomach	tissue	Homo_sapiens											DNA						2016-06-15	ENCODE			150-250	1	1_1							/files/ENCFF858TZP/	1425410099	ENCODE_Processing_Pipeline	486b00b039875f77111f732b6a076554		https://www.encodeproject.org/files/ENCFF841ZHA/@@download/ENCFF841ZHA.bigWig				released	s3://encode-public/2021/02/25/24382bb9-d6ad-4677-a65a-4c816fa7f7bd/ENCFF841ZHA.bigWig	ENCODE4_v1.9.1_GRCh38	released	moderate_number_of_reproducible_peaks,_mild_to_moderate_bottlenecking,_moderate_library_complexity	low_FRiP_score	
ENCFF169UCZ	bed_idr_ranked_peak	bed	idr_ranked_peak	IDR_ranked_peaks	GRCh38	ENCSR851SBY	ATAC-seq	/human-donors/ENCDO451RUA/	UBERON:0000945	stomach	tissue	Homo_sapiens											DNA						2016-06-15	ENCODE			150-250	1	1_1							/files/ENCFF858TZP/	5370813	ENCODE_Processing_Pipeline	c16eda067b4881f4fb50bd45a0ddd5e5		https://www.encodeproject.org/files/ENCFF169UCZ/@@download/ENCFF169UCZ.bed.gz				released	s3://encode-public/2021/02/25/f6068eb7-6980-48be-aa15-e12567b96124/ENCFF169UCZ.bed.gz	ENCODE4_v1.9.1_GRCh38	released	moderate_number_of_reproducible_peaks,_mild_to_moderate_bottlenecking,_moderate_library_complexity	low_FRiP_score	
ENCFF430VEQ	bed_narrowPeak	bed	narrowPeak	IDR_thresholded_peaks	GRCh38	ENCSR851SBY	ATAC-seq	/human-donors/ENCDO451RUA/	UBERON:0000945	stomach	tissue	Homo_sapiens											DNA						2016-06-15	ENCODE			150-250	1	1_1							/files/ENCFF356LFX/,_/files/ENCFF858TZP/	1114050	ENCODE_Processing_Pipeline	bddb3ec0b4551319360b88c13b55fede		https://www.encodeproject.org/files/ENCFF430VEQ/@@download/ENCFF430VEQ.bed.gz				released	s3://encode-public/2021/02/25/8b898697-c591-472a-b20a-a23a1b5f9bfa/ENCFF430VEQ.bed.gz	ENCODE4_v1.9.1_GRCh38	released	moderate_number_of_reproducible_peaks,_mild_to_moderate_bottlenecking,_moderate_library_complexity	low_FRiP_score	
ENCFF139JJY	bigBed_narrowPeak	bigBed	narrowPeak	IDR_thresholded_peaks	GRCh38	ENCSR851SBY	ATAC-seq	/human-donors/ENCDO451RUA/	UBERON:0000945	stomach	tissue	Homo_sapiens											DNA						2016-06-15	ENCODE			150-250	1	1_1							/files/ENCFF430VEQ/	2746386	ENCODE_Processing_Pipeline	1c1a319a93127ef097795966d44e0ee3		https://www.encodeproject.org/files/ENCFF139JJY/@@download/ENCFF139JJY.bigBed				released	s3://encode-public/2021/02/25/3463e1e2-4e0a-4a78-8c8d-551be8ed659f/ENCFF139JJY.bigBed	ENCODE4_v1.9.1_GRCh38	released	moderate_number_of_reproducible_peaks,_mild_to_moderate_bottlenecking,_moderate_library_complexity	low_FRiP_score	
ENCFF028CAI	bed_narrowPeak	bed	narrowPeak	pseudoreplicated_peaks	GRCh38	ENCSR851SBY	ATAC-seq	/human-donors/ENCDO451RUA/	UBERON:0000945	stomach	tissue	Homo_sapiens											DNA						2016-06-15	ENCODE			150-250	1	1_1							/files/ENCFF356LFX/,_/files/ENCFF858TZP/	2604987	ENCODE_Processing_Pipeline	60a1926a8abb58c8943f5a66a9215d62		https://www.encodeproject.org/files/ENCFF028CAI/@@download/ENCFF028CAI.bed.gz				released	s3://encode-public/2021/02/25/f0c1fad4-79f9-4173-992e-42dc746d2051/ENCFF028CAI.bed.gz	ENCODE4_v1.9.1_GRCh38	released	moderate_number_of_reproducible_peaks,_mild_to_moderate_bottlenecking,_moderate_library_complexity	low_FRiP_score	
ENCFF762IFP	bigBed_narrowPeak	bigBed	narrowPeak	pseudoreplicated_peaks	GRCh38	ENCSR851SBY	ATAC-seq	/human-donors/ENCDO451RUA/	UBERON:0000945	stomach	tissue	Homo_sapiens											DNA						2016-06-15	ENCODE			150-250	1	1_1							/files/ENCFF028CAI/	6390157	ENCODE_Processing_Pipeline	f6a97407b6ba4697108e74451fb3eaf4		https://www.encodeproject.org/files/ENCFF762IFP/@@download/ENCFF762IFP.bigBed				released	s3://encode-public/2021/02/25/4c185617-5c6e-48b2-9816-011d22463561/ENCFF762IFP.bigBed	ENCODE4_v1.9.1_GRCh38	released	moderate_number_of_reproducible_peaks,_mild_to_moderate_bottlenecking,_moderate_library_complexity	low_FRiP_score	
ENCFF332SCG	fastq	fastq		reads		ENCSR086OGH	ATAC-seq	/human-donors/ENCDO451RUA/	UBERON:0001159	sigmoid_colon	tissue	Homo_sapiens											DNA						2016-06-15	ENCODE			150-250	1	1_1	100		paired-ended	2	/files/ENCFF591BAY/			4829455575	Michael_Snyder,_Stanford	46c728282f436846dda2e6fd06a05d0f	SRA:SRR14305482	https://www.encodeproject.org/files/ENCFF332SCG/@@download/ENCFF332SCG.fastq.gz		Illumina_HiSeq_4000		released	s3://encode-public/2016/04/26/9d9bcafc-8027-44b0-bc78-7d680e1af4fd/ENCFF332SCG.fastq.gz			moderate_number_of_reproducible_peaks,_mild_to_moderate_bottlenecking,_moderate_library_complexity	low_FRiP_score	
ENCFF591BAY	fastq	fastq		reads		ENCSR086OGH	ATAC-seq	/human-donors/ENCDO451RUA/	UBERON:0001159	sigmoid_colon	tissue	Homo_sapiens											DNA						2016-06-15	ENCODE			150-250	1	1_1	100		paired-ended	1	/files/ENCFF332SCG/			4677656905	Michael_Snyder,_Stanford	615445218c4d845e93fea578a7230422	SRA:SRR14305482	https://www.encodeproject.org/files/ENCFF591BAY/@@download/ENCFF591BAY.fastq.gz		Illumina_HiSeq_4000		released	s3://encode-public/2016/04/26/ec15f652-2fde-4deb-b54d-6b4ce5e6a7db/ENCFF591BAY.fastq.gz			moderate_number_of_reproducible_peaks,_mild_to_moderate_bottlenecking,_moderate_library_complexity	low_FRiP_score	
ENCFF591QAG	bigWig	bigWig		signal_p-value	GRCh38	ENCSR086OGH	ATAC-seq	/human-donors/ENCDO451RUA/	UBERON:0001159	sigmoid_colon	tissue	Homo_sapiens											DNA						2016-06-15	ENCODE			150-250	1	1_1							/files/ENCFF778VJL/	1229149264	Anshul_Kundaje,_Stanford	4a83f2ec8ed07194aae16fb2125d50b3		https://www.encodeproject.org/files/ENCFF591QAG/@@download/ENCFF591QAG.bigWig				released	s3://encode-public/2016/12/22/a9441946-951f-41f9-a235-8222a5d73587/ENCFF591QAG.bigWig	Lab_custom_GRCh38	archived	moderate_number_of_reproducible_peaks,_mild_to_moderate_bottlenecking,_moderate_library_complexity	low_FRiP_score	
ENCFF778VJL	bam	bam		alignments	GRCh38	ENCSR086OGH	ATAC-seq	/human-donors/ENCDO451RUA/	UBERON:0001159	sigmoid_colon	tissue	Homo_sapiens											DNA						2016-06-15	ENCODE			150-250	1	1_1		101					/files/ENCFF591BAY/,_/files/ENCFF332SCG/	6014216214	Anshul_Kundaje,_Stanford	4f04671a6fc6aaf7a1f52ce381e0bbc6		https://www.encodeproject.org/files/ENCFF778VJL/@@download/ENCFF778VJL.bam				released	s3://encode-public/2016/12/22/d18a1e9c-ef63-4d63-9a7c-cb8836d02f39/ENCFF778VJL.bam	Lab_custom_GRCh38	archived	moderate_number_of_reproducible_peaks,_mild_to_moderate_bottlenecking,_moderate_library_complexity	low_FRiP_score	
ENCFF997HHO	bigWig	bigWig		fold_change_over_control	GRCh38	ENCSR086OGH	ATAC-seq	/human-donors/ENCDO451RUA/	UBERON:0001159	sigmoid_colon	tissue	Homo_sapiens											DNA						2016-06-15	ENCODE			150-250	1	1_1							/files/ENCFF778VJL/	1396147459	Anshul_Kundaje,_Stanford	689b9a5828c53a594c75f6534a324a6c		https://www.encodeproject.org/files/ENCFF997HHO/@@download/ENCFF997HHO.bigWig				released	s3://encode-public/2016/12/22/2d0c959d-4abc-49e1-b7a8-739bddd97aad/ENCFF997HHO.bigWig	Lab_custom_GRCh38	archived	moderate_number_of_reproducible_peaks,_mild_to_moderate_bottlenecking,_moderate_library_complexity	low_FRiP_score	
ENCFF049WJI	bigWig	bigWig		fold_change_over_control	GRCh38	ENCSR086OGH	ATAC-seq	/human-donors/ENCDO451RUA/	UBERON:0001159	sigmoid_colon	tissue	Homo_sapiens											DNA						2016-06-15	ENCODE			150-250	1	1_1							/files/ENCFF182ZGK/	1442938137	ENCODE_Processing_Pipeline	c179a0d9c939eefc012267902905f65d		https://www.encodeproject.org/files/ENCFF049WJI/@@download/ENCFF049WJI.bigWig				released	s3://encode-public/2021/02/25/d4b6163d-f6c3-41ed-bf90-cd2270617924/ENCFF049WJI.bigWig	ENCODE4_v1.9.1_GRCh38	released	moderate_number_of_reproducible_peaks,_mild_to_moderate_bottlenecking,_moderate_library_complexity	low_FRiP_score	
ENCFF189YSM	bed_idr_ranked_peak	bed	idr_ranked_peak	IDR_ranked_peaks	GRCh38	ENCSR086OGH	ATAC-seq	/human-donors/ENCDO451RUA/	UBERON:0001159	sigmoid_colon	tissue	Homo_sapiens											DNA						2016-06-15	ENCODE			150-250	1	1_1							/files/ENCFF182ZGK/	5824121	ENCODE_Processing_Pipeline	5e5b640fd3c54d6fc9504d103f1532b7		https://www.encodeproject.org/files/ENCFF189YSM/@@download/ENCFF189YSM.bed.gz				released	s3://encode-public/2021/02/25/575596e6-f176-432d-96ba-81fda37b7ec3/ENCFF189YSM.bed.gz	ENCODE4_v1.9.1_GRCh38	released	moderate_number_of_reproducible_peaks,_mild_to_moderate_bottlenecking,_moderate_library_complexity	low_FRiP_score	
ENCFF697MUB	bed_narrowPeak	bed	narrowPeak	IDR_thresholded_peaks	GRCh38	ENCSR086OGH	ATAC-seq	/human-donors/ENCDO451RUA/	UBERON:0001159	sigmoid_colon	tissue	Homo_sapiens											DNA						2016-06-15	ENCODE			150-250	1	1_1							/files/ENCFF356LFX/,_/files/ENCFF182ZGK/	1381456	ENCODE_Processing_Pipeline	685cfcb082f5f5b2f79b59b768af6f59		https://www.encodeproject.org/files/ENCFF697MUB/@@download/ENCFF697MUB.bed.gz				released	s3://encode-public/2021/02/25/e1e14e86-f3f6-4ff8-b189-092ffe36440f/ENCFF697MUB.bed.gz	ENCODE4_v1.9.1_GRCh38	released	moderate_number_of_reproducible_peaks,_mild_to_moderate_bottlenecking,_moderate_library_complexity	low_FRiP_score	
ENCFF628ARL	bigWig	bigWig		signal_p-value	GRCh38	ENCSR086OGH	ATAC-seq	/human-donors/ENCDO451RUA/	UBERON:0001159	sigmoid_colon	tissue	Homo_sapiens											DNA						2016-06-15	ENCODE			150-250	1	1_1							/files/ENCFF182ZGK/	1066372356	ENCODE_Processing_Pipeline	ec51ecf40b45a9d87a60f322aff8b669		https://www.encodeproject.org/files/ENCFF628ARL/@@download/ENCFF628ARL.bigWig				released	s3://encode-public/2021/02/25/28217bb8-30cb-4592-b735-f8294abf142d/ENCFF628ARL.bigWig	ENCODE4_v1.9.1_GRCh38	released	moderate_number_of_reproducible_peaks,_mild_to_moderate_bottlenecking,_moderate_library_complexity	low_FRiP_score	
ENCFF469LGT	bigBed_narrowPeak	bigBed	narrowPeak	IDR_thresholded_peaks	GRCh38	ENCSR086OGH	ATAC-seq	/human-donors/ENCDO451RUA/	UBERON:0001159	sigmoid_colon	tissue	Homo_sapiens											DNA						2016-06-15	ENCODE			150-250	1	1_1							/files/ENCFF697MUB/	3156933	ENCODE_Processing_Pipeline	66023deb2c6ae471403eb3cf45492a07		https://www.encodeproject.org/files/ENCFF469LGT/@@download/ENCFF469LGT.bigBed				released	s3://encode-public/2021/02/25/67cca503-66b3-46d7-880d-f7e0aa3e3255/ENCFF469LGT.bigBed	ENCODE4_v1.9.1_GRCh38	released	moderate_number_of_reproducible_peaks,_mild_to_moderate_bottlenecking,_moderate_library_complexity	low_FRiP_score	
ENCFF270JNZ	bed_narrowPeak	bed	narrowPeak	pseudoreplicated_peaks	GRCh38	ENCSR086OGH	ATAC-seq	/human-donors/ENCDO451RUA/	UBERON:0001159	sigmoid_colon	tissue	Homo_sapiens											DNA						2016-06-15	ENCODE			150-250	1	1_1							/files/ENCFF356LFX/,_/files/ENCFF182ZGK/	2760924	ENCODE_Processing_Pipeline	527acde68e0be423b391318d071243cb		https://www.encodeproject.org/files/ENCFF270JNZ/@@download/ENCFF270JNZ.bed.gz				released	s3://encode-public/2021/02/25/4b3e56ad-49c2-40c7-99b6-e98b9ae378cf/ENCFF270JNZ.bed.gz	ENCODE4_v1.9.1_GRCh38	released	moderate_number_of_reproducible_peaks,_mild_to_moderate_bottlenecking,_moderate_library_complexity	low_FRiP_score	
ENCFF059CGX	bam	bam		unfiltered_alignments	GRCh38	ENCSR086OGH	ATAC-seq	/human-donors/ENCDO451RUA/	UBERON:0001159	sigmoid_colon	tissue	Homo_sapiens											DNA						2016-06-15	ENCODE			150-250	1	1_1		101					/files/ENCFF591BAY/,_/files/ENCFF332SCG/,_/files/ENCFF110MCL/	13701393831	ENCODE_Processing_Pipeline	4fc3625545b1d686dd5b10417684fe64		https://www.encodeproject.org/files/ENCFF059CGX/@@download/ENCFF059CGX.bam				released	s3://encode-public/2021/02/25/899c5e37-883b-4efb-9b63-3e1fd297a284/ENCFF059CGX.bam	ENCODE4_v1.9.1_GRCh38	released	moderate_number_of_reproducible_peaks,_mild_to_moderate_bottlenecking,_moderate_library_complexity	low_FRiP_score	
ENCFF182ZGK	bam	bam		alignments	GRCh38	ENCSR086OGH	ATAC-seq	/human-donors/ENCDO451RUA/	UBERON:0001159	sigmoid_colon	tissue	Homo_sapiens											DNA						2016-06-15	ENCODE			150-250	1	1_1		101					/files/ENCFF110MCL/,_/files/ENCFF304XEX/,_/files/ENCFF493CCB/,_/files/ENCFF332SCG/,_/files/ENCFF212UAV/,_/files/ENCFF356LFX/,_/files/ENCFF591BAY/,_/files/ENCFF140XLU/	6105877645	ENCODE_Processing_Pipeline	89d7411772c90678fc9ba99ca50841e3		https://www.encodeproject.org/files/ENCFF182ZGK/@@download/ENCFF182ZGK.bam				released	s3://encode-public/2021/02/25/561ed9a8-65c1-4a48-abec-ee6f10fd2fe1/ENCFF182ZGK.bam	ENCODE4_v1.9.1_GRCh38	released	moderate_number_of_reproducible_peaks,_mild_to_moderate_bottlenecking,_moderate_library_complexity	low_FRiP_score	
ENCFF287UHP	bigBed_narrowPeak	bigBed	narrowPeak	pseudoreplicated_peaks	GRCh38	ENCSR086OGH	ATAC-seq	/human-donors/ENCDO451RUA/	UBERON:0001159	sigmoid_colon	tissue	Homo_sapiens											DNA						2016-06-15	ENCODE			150-250	1	1_1							/files/ENCFF270JNZ/	6569988	ENCODE_Processing_Pipeline	46f2ae76779da5be7de09b63d5c2ceb9		https://www.encodeproject.org/files/ENCFF287UHP/@@download/ENCFF287UHP.bigBed				released	s3://encode-public/2021/02/25/1b862318-d014-4eeb-9e2b-cf0aafdd7298/ENCFF287UHP.bigBed	ENCODE4_v1.9.1_GRCh38	released	moderate_number_of_reproducible_peaks,_mild_to_moderate_bottlenecking,_moderate_library_complexity	low_FRiP_score	
